{
    "accuracy": 0.9633363886342805,
    "precision": 0.928,
    "recall": 0.7891156462585034,
    "auc": 0.9607834659287444
}
